Term,PWC
\sAC\s,tndodntint39dnmitaodbyatagwk
\sAir\s,tndodntint39dnmitaodbyatagwk
Electr,tndodntint25dnmitaodbyatagwk
&.a.hammer,tndodntint40dnmitaodbyatagwk
&.Hammer,tndodntint40dnmitaodbyatagwk
&.Spas,tndodntint45dnmitaodbyatagwk
\sair\s,tndodntint78dnmitaodbyatagwk
.\sMover,tndodntint52dnmitaodbyatagwk
\sA/C\s,tndodntint39dnmitaodbyatagwk
\sA\/C\s,tndodntint39dnmitaodbyatagwk
\sAC\s,tndodntint39dnmitaodbyatagwk
\sPatio,tndodntint17dnmitaodbyatagwk
\sROOF,tndodntint65dnmitaodbyatagwk
\sRoof\s,tndodntint65dnmitaodbyatagwk
\sroof\s,tndodntint65dnmitaodbyatagwk
\stile,tndodntint74dnmitaodbyatagwk
\sTile,tndodntint74dnmitaodbyatagwk
\sTILE,tndodntint74dnmitaodbyatagwk
A.Hammer,tndodntint40dnmitaodbyatagwk
A.C\s,tndodntint39dnmitaodbyatagwk
A.Spray.Wash,tndodntint13dnmitaodbyatagwk
A/C\s,tndodntint39dnmitaodbyatagwk
A/V\s,tndodntint6dnmitaodbyatagwk
A\\C\s,tndodntint39dnmitaodbyatagwk
Abate,tndodntint78dnmitaodbyatagwk
Abatement,tndodntint78dnmitaodbyatagwk
A-C,tndodntint39dnmitaodbyatagwk
Accessibility,tndodntint20dnmitaodbyatagwk
Acoustic,tndodntint1dnmitaodbyatagwk
Acoustic.Ceiling,tndodntint1dnmitaodbyatagwk
ACOUSTIC.CEILING,tndodntint1dnmitaodbyatagwk
acoustic.ceiling,tndodntint1dnmitaodbyatagwk
ACRepair,tndodntint39dnmitaodbyatagwk
acrepair,tndodntint39dnmitaodbyatagwk
AcRepair,tndodntint39dnmitaodbyatagwk
ACrepair,tndodntint39dnmitaodbyatagwk
Additions,tndodntint2dnmitaodbyatagwk
additions,tndodntint2dnmitaodbyatagwk
ADDITIONS,tndodntint2dnmitaodbyatagwk
Additions.and.Remodels,tndodntint2dnmitaodbyatagwk
Air.Condition,tndodntint39dnmitaodbyatagwk
Air.&.,tndodntint39dnmitaodbyatagwk
Air.and.heat,tndodntint39dnmitaodbyatagwk
Air.and.Heat,tndodntint39dnmitaodbyatagwk
AIR.AND.HEAT,tndodntint39dnmitaodbyatagwk
AIR.CONDITION,tndodntint39dnmitaodbyatagwk
Air.condition,tndodntint39dnmitaodbyatagwk
air.condition,tndodntint39dnmitaodbyatagwk
air.duct,tndodntint39dnmitaodbyatagwk
AIR.SOLUTIONS,tndodntint39dnmitaodbyatagwk
Air.System,tndodntint39dnmitaodbyatagwk
aircondition,tndodntint39dnmitaodbyatagwk
AirCondition,tndodntint39dnmitaodbyatagwk
Air-Condition,tndodntint39dnmitaodbyatagwk
Airconditioning,tndodntint39dnmitaodbyatagwk
Air-Conditioning,tndodntint39dnmitaodbyatagwk
Aires.acondicionados,tndodntint39dnmitaodbyatagwk
Airtech,tndodntint39dnmitaodbyatagwk
Alarm.Services,tndodntint67dnmitaodbyatagwk
Alarm.System,tndodntint67dnmitaodbyatagwk
All.Trades,tndodntint40dnmitaodbyatagwk
AllTrades,tndodntint40dnmitaodbyatagwk
Aluminium,tndodntint65dnmitaodbyatagwk
and.a.hammer,tndodntint40dnmitaodbyatagwk
and.hammer,tndodntint40dnmitaodbyatagwk
Animal,tndodntint58dnmitaodbyatagwk
Antenna,tndodntint6dnmitaodbyatagwk
Appliance,tndodntint3dnmitaodbyatagwk
APPLIANCE.EXPERT,tndodntint3dnmitaodbyatagwk
Appliance.Repair,tndodntint3dnmitaodbyatagwk
appliance.repair,tndodntint3dnmitaodbyatagwk
Appliance.repair,tndodntint3dnmitaodbyatagwk
APPLIANCE.REPAIR,tndodntint3dnmitaodbyatagwk
appliancerepair,tndodntint3dnmitaodbyatagwk
ApplianceRepair,tndodntint3dnmitaodbyatagwk
Appliances,tndodntint3dnmitaodbyatagwk
appliances,tndodntint3dnmitaodbyatagwk
ApplianceSrv,tndodntint3dnmitaodbyatagwk
Apprais,tndodntint4dnmitaodbyatagwk
Appraiser,tndodntint4dnmitaodbyatagwk
Arborist,tndodntint79dnmitaodbyatagwk
Arborist,tndodntint79dnmitaodbyatagwk
Arborists,tndodntint79dnmitaodbyatagwk
Arborists,tndodntint79dnmitaodbyatagwk
Architect,tndodntint5dnmitaodbyatagwk
ARCHITECT,tndodntint5dnmitaodbyatagwk
Architects.&.Building.Designers,tndodntint5dnmitaodbyatagwk
Architects..Designers.&.Engineers,tndodntint5dnmitaodbyatagwk
Asbestos,tndodntint78dnmitaodbyatagwk
Asphalt,tndodntint56dnmitaodbyatagwk
asphalt,tndodntint56dnmitaodbyatagwk
ASPHALT,tndodntint56dnmitaodbyatagwk
Assemble,tndodntint40dnmitaodbyatagwk
Audio.Video,tndodntint6dnmitaodbyatagwk
Audio.Visual,tndodntint6dnmitaodbyatagwk
Audio/Visual,tndodntint6dnmitaodbyatagwk
Awning,tndodntint7dnmitaodbyatagwk
\sawning,tndodntint7dnmitaodbyatagwk
Back.Flow,tndodntint47dnmitaodbyatagwk
BACK.FLOW,tndodntint47dnmitaodbyatagwk
backflow,tndodntint47dnmitaodbyatagwk
Backhoe,tndodntint29dnmitaodbyatagwk
backhoe,tndodntint29dnmitaodbyatagwk
backsplash,tndodntint74dnmitaodbyatagwk
Backsplash,tndodntint74dnmitaodbyatagwk
BACKSPLASH,tndodntint74dnmitaodbyatagwk
BackYard,tndodntint48dnmitaodbyatagwk
BACKYARDS,tndodntint48dnmitaodbyatagwk
Backyards,tndodntint48dnmitaodbyatagwk
Basement,tndodntint2dnmitaodbyatagwk
basement,tndodntint2dnmitaodbyatagwk
Basement.Systems,tndodntint83dnmitaodbyatagwk
Bath.&,tndodntint2dnmitaodbyatagwk
bath.&.kitchen,tndodntint2dnmitaodbyatagwk
BATH.SOLUTION,tndodntint2dnmitaodbyatagwk
Bathroom,tndodntint2dnmitaodbyatagwk
bathroom,tndodntint2dnmitaodbyatagwk
BATHROOM,tndodntint2dnmitaodbyatagwk
Bathroom.&.Kitchen,tndodntint2dnmitaodbyatagwk
Bathrooms.&.Kitchens,tndodntint2dnmitaodbyatagwk
Bed.Bug,tndodntint58dnmitaodbyatagwk
Bedbug,tndodntint58dnmitaodbyatagwk
Black.Top,tndodntint56dnmitaodbyatagwk
Blacktop,tndodntint56dnmitaodbyatagwk
BLACKTOP,tndodntint56dnmitaodbyatagwk
Blinds,tndodntint24dnmitaodbyatagwk
blinds,tndodntint24dnmitaodbyatagwk
Bobcat.Service,tndodntint29dnmitaodbyatagwk
Boiler,tndodntint39dnmitaodbyatagwk
BOILER,tndodntint39dnmitaodbyatagwk
boiler,tndodntint39dnmitaodbyatagwk
Brick,tndodntint16dnmitaodbyatagwk
Brick.and.Stone,tndodntint16dnmitaodbyatagwk
BROOM,tndodntint13dnmitaodbyatagwk
Broom,tndodntint13dnmitaodbyatagwk
Bug,tndodntint58dnmitaodbyatagwk
Bugs,tndodntint58dnmitaodbyatagwk
build,tndodntint41dnmitaodbyatagwk
Build,tndodntint41dnmitaodbyatagwk
Builder,tndodntint41dnmitaodbyatagwk
BUILDER,tndodntint41dnmitaodbyatagwk
builder,tndodntint41dnmitaodbyatagwk
Building.&.Repair,tndodntint2dnmitaodbyatagwk
Building.and.Repair,tndodntint2dnmitaodbyatagwk
Building.Designers.and.Drafters,tndodntint5dnmitaodbyatagwk
Building.Repair,tndodntint2dnmitaodbyatagwk
Building.Services,tndodntint13dnmitaodbyatagwk
Building.Solutions,tndodntint2dnmitaodbyatagwk
Building.SVC,tndodntint40dnmitaodbyatagwk
BUILDING.WORKS,tndodntint41dnmitaodbyatagwk
Built,tndodntint41dnmitaodbyatagwk
Bulldozing,tndodntint29dnmitaodbyatagwk
Cabinet,tndodntint8dnmitaodbyatagwk
cabinet,tndodntint8dnmitaodbyatagwk
CABINET,tndodntint8dnmitaodbyatagwk
Cabinet.maker,tndodntint8dnmitaodbyatagwk
cabinetry,tndodntint8dnmitaodbyatagwk
Cabinetry,tndodntint8dnmitaodbyatagwk
cabinets,tndodntint8dnmitaodbyatagwk
Cabinets,tndodntint8dnmitaodbyatagwk
Cabinets.&.Cabinetry,tndodntint8dnmitaodbyatagwk
Cabinets.&.Countertops,tndodntint8dnmitaodbyatagwk
Can.Do.It,tndodntint40dnmitaodbyatagwk
carpent,tndodntint11dnmitaodbyatagwk
Carpent,tndodntint11dnmitaodbyatagwk
carpenter,tndodntint9dnmitaodbyatagwk
Carpenter,tndodntint9dnmitaodbyatagwk
Carpentry,tndodntint9dnmitaodbyatagwk
CARPENTRY,tndodntint9dnmitaodbyatagwk
Carpet,tndodntint11dnmitaodbyatagwk
CARPET,tndodntint11dnmitaodbyatagwk
carpet,tndodntint11dnmitaodbyatagwk
Carpet.&.Upholstery.Cleaners,tndodntint10dnmitaodbyatagwk
Carpet.and.Fabric.Cleaning,tndodntint10dnmitaodbyatagwk
Carpet.clean,tndodntint13dnmitaodbyatagwk
Carpet.Cleaners,tndodntint10dnmitaodbyatagwk
carpet-cleaners,tndodntint10dnmitaodbyatagwk
Carpeting,tndodntint11dnmitaodbyatagwk
Carpinter,tndodntint9dnmitaodbyatagwk
carpinteria,tndodntint9dnmitaodbyatagwk
carport,tndodntint37dnmitaodbyatagwk
Carport,tndodntint37dnmitaodbyatagwk
CARPORT,tndodntint37dnmitaodbyatagwk
Caulk,tndodntint55dnmitaodbyatagwk
caulk,tndodntint55dnmitaodbyatagwk
CAULK,tndodntint55dnmitaodbyatagwk
Ceiling,tndodntint1dnmitaodbyatagwk
CEILING,tndodntint1dnmitaodbyatagwk
ceiling,tndodntint1dnmitaodbyatagwk
Cement,tndodntint16dnmitaodbyatagwk
Central.Vacuum,tndodntint12dnmitaodbyatagwk
Ceramic,tndodntint74dnmitaodbyatagwk
Chain.Link,tndodntint30dnmitaodbyatagwk
Chimney,tndodntint31dnmitaodbyatagwk
chimney,tndodntint31dnmitaodbyatagwk
CHIMNEY,tndodntint31dnmitaodbyatagwk
Chimney.Cleaners,tndodntint13dnmitaodbyatagwk
Chimney.Sweep,tndodntint13dnmitaodbyatagwk
chimney-cleaners,tndodntint13dnmitaodbyatagwk
chimny,tndodntint31dnmitaodbyatagwk
Clean,tndodntint13dnmitaodbyatagwk
CLEAN,tndodntint13dnmitaodbyatagwk
clean,tndodntint13dnmitaodbyatagwk
Cleaning.Service,tndodntint13dnmitaodbyatagwk
Clearing,tndodntint13dnmitaodbyatagwk
clearing,tndodntint13dnmitaodbyatagwk
Climate,tndodntint39dnmitaodbyatagwk
Climate.Control,tndodntint39dnmitaodbyatagwk
Closet,tndodntint8dnmitaodbyatagwk
CLOSET,tndodntint8dnmitaodbyatagwk
closet,tndodntint8dnmitaodbyatagwk
Closets.And.Organization,tndodntint14dnmitaodbyatagwk
closets-and-organization,tndodntint14dnmitaodbyatagwk
Clutter,tndodntint14dnmitaodbyatagwk
clutter,tndodntint14dnmitaodbyatagwk
CLUTTER,tndodntint14dnmitaodbyatagwk
Coated,tndodntint55dnmitaodbyatagwk
Coating,tndodntint55dnmitaodbyatagwk
Coats,tndodntint55dnmitaodbyatagwk
Cocina,tndodntint2dnmitaodbyatagwk
Comfort,tndodntint39dnmitaodbyatagwk
COMFORT,tndodntint39dnmitaodbyatagwk
Comfort.Service,tndodntint39dnmitaodbyatagwk
Comfort.Solution,tndodntint39dnmitaodbyatagwk
Comfort.Specialist,tndodntint39dnmitaodbyatagwk
Comfort.System,tndodntint39dnmitaodbyatagwk
Comforts,tndodntint39dnmitaodbyatagwk
comfortsystem,tndodntint39dnmitaodbyatagwk
Computer,tndodntint15dnmitaodbyatagwk
Computing,tndodntint15dnmitaodbyatagwk
Concrete,tndodntint16dnmitaodbyatagwk
concrete,tndodntint16dnmitaodbyatagwk
CONCRETE,tndodntint16dnmitaodbyatagwk
Concrete.&.Masonry,tndodntint16dnmitaodbyatagwk
CONCTRUCTION,tndodntint2dnmitaodbyatagwk
Consruction,tndodntint2dnmitaodbyatagwk
Const,tndodntint2dnmitaodbyatagwk
Constraction,tndodntint2dnmitaodbyatagwk
constrction,tndodntint2dnmitaodbyatagwk
construccin,tndodntint2dnmitaodbyatagwk
Construccin,tndodntint2dnmitaodbyatagwk
Construcciones,tndodntint2dnmitaodbyatagwk
construcciones,tndodntint2dnmitaodbyatagwk
Construct,tndodntint2dnmitaodbyatagwk
CONSTRUCTION,tndodntint2dnmitaodbyatagwk
construction,tndodntint2dnmitaodbyatagwk
Construction,tndodntint2dnmitaodbyatagwk
Construction.company,tndodntint2dnmitaodbyatagwk
Construction.Solution,tndodntint2dnmitaodbyatagwk
Construction.System,tndodntint2dnmitaodbyatagwk
Constructor,tndodntint2dnmitaodbyatagwk
constructor,tndodntint2dnmitaodbyatagwk
Constructtion,tndodntint2dnmitaodbyatagwk
Constrution,tndodntint2dnmitaodbyatagwk
Constuction,tndodntint2dnmitaodbyatagwk
Contr,tndodntint2dnmitaodbyatagwk
Contrac,tndodntint2dnmitaodbyatagwk
Contracting,tndodntint2dnmitaodbyatagwk
contracting,tndodntint2dnmitaodbyatagwk
CONTRACTING,tndodntint2dnmitaodbyatagwk
Contractor,tndodntint2dnmitaodbyatagwk
contractor,tndodntint2dnmitaodbyatagwk
CONTRACTOR,tndodntint2dnmitaodbyatagwk
Contruccion,tndodntint2dnmitaodbyatagwk
contruction,tndodntint2dnmitaodbyatagwk
Contruction,tndodntint2dnmitaodbyatagwk
CONTRUCTION,tndodntint2dnmitaodbyatagwk
Cool,tndodntint39dnmitaodbyatagwk
Cooling,tndodntint39dnmitaodbyatagwk
COOLING,tndodntint39dnmitaodbyatagwk
cooling,tndodntint39dnmitaodbyatagwk
Cornice,tndodntint65dnmitaodbyatagwk
Counter,tndodntint8dnmitaodbyatagwk
Counter.Tops,tndodntint8dnmitaodbyatagwk
Counters,tndodntint8dnmitaodbyatagwk
COUNTER,tndodntint8dnmitaodbyatagwk
Countertop,tndodntint8dnmitaodbyatagwk
countertop,tndodntint8dnmitaodbyatagwk
Craftsmanship,tndodntint40dnmitaodbyatagwk
craftmanship,tndodntint40dnmitaodbyatagwk
Craftsman,tndodntint40dnmitaodbyatagwk
craftsman,tndodntint40dnmitaodbyatagwk
Craftsmen,tndodntint40dnmitaodbyatagwk
CRAFTSMAN,tndodntint40dnmitaodbyatagwk
CRAFTSMEN,tndodntint40dnmitaodbyatagwk
craftsmen,tndodntint40dnmitaodbyatagwk
Craftsmenship,tndodntint40dnmitaodbyatagwk
Crawlspace,tndodntint2dnmitaodbyatagwk
Critter,tndodntint58dnmitaodbyatagwk
Crown.Molding,tndodntint9dnmitaodbyatagwk
CROWN.MOULDING,tndodntint9dnmitaodbyatagwk
CROWN.MOLDING,tndodntint9dnmitaodbyatagwk
crown.moulding,tndodntint9dnmitaodbyatagwk
crown.molding,tndodntint9dnmitaodbyatagwk
Crown.Moulding,tndodntint9dnmitaodbyatagwk
curb,tndodntint47dnmitaodbyatagwk
curbing,tndodntint47dnmitaodbyatagwk
Curtain,tndodntint24dnmitaodbyatagwk
Curtain,tndodntint24dnmitaodbyatagwk
Curtains,tndodntint24dnmitaodbyatagwk
Custom.Build,tndodntint2dnmitaodbyatagwk
CUSTOM.BUILDING,tndodntint2dnmitaodbyatagwk
Custom.Homes,tndodntint41dnmitaodbyatagwk
Custom.home.builder,tndodntint41dnmitaodbyatagwk
Custom.Stairs,tndodntint9dnmitaodbyatagwk
customhome,tndodntint41dnmitaodbyatagwk
Custom-Pools,tndodntint61dnmitaodbyatagwk
Cut.Grass,tndodntint48dnmitaodbyatagwk
Damage.Clean,tndodntint63dnmitaodbyatagwk
debris.removal,tndodntint81dnmitaodbyatagwk
Deck,tndodntint17dnmitaodbyatagwk
deck,tndodntint17dnmitaodbyatagwk
DECK,tndodntint17dnmitaodbyatagwk
Decks.And.Patios,tndodntint17dnmitaodbyatagwk
decks-and-patios,tndodntint17dnmitaodbyatagwk
Decksource,tndodntint17dnmitaodbyatagwk
Demolition,tndodntint18dnmitaodbyatagwk
demolition,tndodntint18dnmitaodbyatagwk
DEMOLITION,tndodntint18dnmitaodbyatagwk
Demolition.Service,tndodntint18dnmitaodbyatagwk
Design,tndodntint5dnmitaodbyatagwk
design,tndodntint5dnmitaodbyatagwk
Design.Build,tndodntint2dnmitaodbyatagwk
Design.Build,tndodntint2dnmitaodbyatagwk
Design-Build.Firms,tndodntint5dnmitaodbyatagwk
Developer,tndodntint19dnmitaodbyatagwk
Dirt,tndodntint29dnmitaodbyatagwk
Dirt.Cheap,tndodntint48dnmitaodbyatagwk
Dirt.Work,tndodntint29dnmitaodbyatagwk
Dirt.Works,tndodntint29dnmitaodbyatagwk
Dirt\s,tndodntint29dnmitaodbyatagwk
DIRT-WORK,tndodntint29dnmitaodbyatagwk
Dirtworks,tndodntint29dnmitaodbyatagwk
Disposal,tndodntint81dnmitaodbyatagwk
Do.It.All,tndodntint40dnmitaodbyatagwk
do.it.all,tndodntint40dnmitaodbyatagwk
Do.it.all,tndodntint40dnmitaodbyatagwk
DO.IT.ALL,tndodntint40dnmitaodbyatagwk
Dock,tndodntint21dnmitaodbyatagwk
does.it,tndodntint40dnmitaodbyatagwk
Does.It.All,tndodntint40dnmitaodbyatagwk
DoItAll,tndodntint40dnmitaodbyatagwk
Door,tndodntint22dnmitaodbyatagwk
door.repair,tndodntint22dnmitaodbyatagwk
Door.Repair,tndodntint22dnmitaodbyatagwk
door.specialist,tndodntint22dnmitaodbyatagwk
Doors,tndodntint22dnmitaodbyatagwk
Doors.&.Windows,tndodntint22dnmitaodbyatagwk
Drafting,tndodntint5dnmitaodbyatagwk
Drain,tndodntint60dnmitaodbyatagwk
Drainage,tndodntint29dnmitaodbyatagwk
Drains,tndodntint60dnmitaodbyatagwk
Drape,tndodntint24dnmitaodbyatagwk
drape,tndodntint24dnmitaodbyatagwk
DRAPE,tndodntint24dnmitaodbyatagwk
Draperies,tndodntint24dnmitaodbyatagwk
DRAPERIES,tndodntint24dnmitaodbyatagwk
Draperies..Blinds.and.Shades,tndodntint24dnmitaodbyatagwk
Drapes,tndodntint24dnmitaodbyatagwk
DRAPES,tndodntint24dnmitaodbyatagwk
Driveway,tndodntint16dnmitaodbyatagwk
driveway,tndodntint16dnmitaodbyatagwk
DRIVEWAY,tndodntint16dnmitaodbyatagwk
Driveways.&.Paving,tndodntint56dnmitaodbyatagwk
Driveways.And.Paving,tndodntint56dnmitaodbyatagwk
driveways-and-paving,tndodntint56dnmitaodbyatagwk
Dry.Basement,tndodntint83dnmitaodbyatagwk
Dry.Wall,tndodntint59dnmitaodbyatagwk
Dry.wall.contractor,tndodntint59dnmitaodbyatagwk
Dryer.Vent,tndodntint13dnmitaodbyatagwk
Drywall,tndodntint59dnmitaodbyatagwk
DRYWALL,tndodntint59dnmitaodbyatagwk
drywall,tndodntint59dnmitaodbyatagwk
Drywall.Contractors,tndodntint59dnmitaodbyatagwk
Duct,tndodntint39dnmitaodbyatagwk
duct,tndodntint39dnmitaodbyatagwk
Ducts,tndodntint39dnmitaodbyatagwk
Dump,tndodntint81dnmitaodbyatagwk
Dust,tndodntint13dnmitaodbyatagwk
Earthscape,tndodntint47dnmitaodbyatagwk
earthwork,tndodntint47dnmitaodbyatagwk
Earthwork,tndodntint47dnmitaodbyatagwk
Egress,tndodntint22dnmitaodbyatagwk
Electric,tndodntint25dnmitaodbyatagwk
ELECTRIC,tndodntint25dnmitaodbyatagwk
electric,tndodntint25dnmitaodbyatagwk
Electrical,tndodntint25dnmitaodbyatagwk
Electrical.Contractors,tndodntint25dnmitaodbyatagwk
electrical-contractors,tndodntint25dnmitaodbyatagwk
Electricians,tndodntint25dnmitaodbyatagwk
Electronic,tndodntint6dnmitaodbyatagwk
Electronic.Restraint.Fence,tndodntint26dnmitaodbyatagwk
Electrostatic.Painting,tndodntint27dnmitaodbyatagwk
Elevator,tndodntint28dnmitaodbyatagwk
Enclosures,tndodntint37dnmitaodbyatagwk
Engineer,tndodntint5dnmitaodbyatagwk
Enhancements,tndodntint40dnmitaodbyatagwk
enterprise,tndodntint40dnmitaodbyatagwk
Enterprise,tndodntint40dnmitaodbyatagwk
Entertainment,tndodntint100dnmitaodbyatagwk
Environmental,tndodntint78dnmitaodbyatagwk
Environmental.Services.&.Restoration,tndodntint63dnmitaodbyatagwk
Epoxy,tndodntint56dnmitaodbyatagwk
Epoxy.Coating,tndodntint16dnmitaodbyatagwk
Erosion,tndodntint29dnmitaodbyatagwk
Escav,tndodntint29dnmitaodbyatagwk
Exavating,tndodntint29dnmitaodbyatagwk
Excavaion,tndodntint29dnmitaodbyatagwk
Excavat,tndodntint29dnmitaodbyatagwk
EXCAVAT,tndodntint29dnmitaodbyatagwk
excavat,tndodntint29dnmitaodbyatagwk
Excavation,tndodntint29dnmitaodbyatagwk
Exterior,tndodntint69dnmitaodbyatagwk
EXTERIOR,tndodntint69dnmitaodbyatagwk
exterior,tndodntint69dnmitaodbyatagwk
Exterior.Cleaners,tndodntint13dnmitaodbyatagwk
EXTERIOR.SOLUTION,tndodntint69dnmitaodbyatagwk
exterior-cleaners,tndodntint13dnmitaodbyatagwk
Exteriors,tndodntint69dnmitaodbyatagwk
EXTERIORS,tndodntint69dnmitaodbyatagwk
exterminat,tndodntint58dnmitaodbyatagwk
Exterminat,tndodntint58dnmitaodbyatagwk
EXTERMINAT,tndodntint58dnmitaodbyatagwk
Exterminating,tndodntint58dnmitaodbyatagwk
Exterminator,tndodntint58dnmitaodbyatagwk
Fabrication,tndodntint84dnmitaodbyatagwk
Faux,tndodntint55dnmitaodbyatagwk
Fenc-,tndodntint30dnmitaodbyatagwk
Fence,tndodntint30dnmitaodbyatagwk
fence,tndodntint30dnmitaodbyatagwk
FENCE,tndodntint30dnmitaodbyatagwk
Fence.and.Lawn,tndodntint30dnmitaodbyatagwk
Fences,tndodntint30dnmitaodbyatagwk
Fencing,tndodntint30dnmitaodbyatagwk
FENCING,tndodntint30dnmitaodbyatagwk
fencing,tndodntint30dnmitaodbyatagwk
Fencing.And.Gates,tndodntint30dnmitaodbyatagwk
fencing-and-gates,tndodntint30dnmitaodbyatagwk
Fertilizer,tndodntint48dnmitaodbyatagwk
Fine.Lines,tndodntint55dnmitaodbyatagwk
Fine.Finishes,tndodntint9dnmitaodbyatagwk
Finisher,tndodntint9dnmitaodbyatagwk
FINISHER,tndodntint9dnmitaodbyatagwk
Finishes,tndodntint9dnmitaodbyatagwk
Finishing,tndodntint9dnmitaodbyatagwk
FINISHING,tndodntint9dnmitaodbyatagwk
Fire.Damage,tndodntint63dnmitaodbyatagwk
Fire.damage,tndodntint63dnmitaodbyatagwk
fire.damage,tndodntint63dnmitaodbyatagwk
FIRE.DAMAGE,tndodntint63dnmitaodbyatagwk
Fire.Restoration,tndodntint63dnmitaodbyatagwk
Fire.restoration,tndodntint63dnmitaodbyatagwk
fire.restoration,tndodntint63dnmitaodbyatagwk
FIRE.RESTORATION,tndodntint63dnmitaodbyatagwk
Fireplace,tndodntint31dnmitaodbyatagwk
fireplace,tndodntint31dnmitaodbyatagwk
Fireplace.and.Wood.Stove,tndodntint31dnmitaodbyatagwk
Fireplace.Sales.&.Installation,tndodntint31dnmitaodbyatagwk
Firewood,tndodntint48dnmitaodbyatagwk
FitItUp,tndodntint40dnmitaodbyatagwk
Fix.All,tndodntint40dnmitaodbyatagwk
Fix.Em,tndodntint40dnmitaodbyatagwk
Fix.It,tndodntint40dnmitaodbyatagwk
Fix-.It,tndodntint40dnmitaodbyatagwk
Fix.Thing,tndodntint40dnmitaodbyatagwk
Fix.Up,tndodntint40dnmitaodbyatagwk
fix.computer,tndodntint15dnmitaodbyatagwk
Fix.computer,tndodntint15dnmitaodbyatagwk
Fix.it,tndodntint40dnmitaodbyatagwk
Fix.It,tndodntint40dnmitaodbyatagwk
Fixer.Guy,tndodntint40dnmitaodbyatagwk
Fixes.It,tndodntint40dnmitaodbyatagwk
Fixins,tndodntint40dnmitaodbyatagwk
Fixit,tndodntint40dnmitaodbyatagwk
FIXIT,tndodntint40dnmitaodbyatagwk
fixit,tndodntint40dnmitaodbyatagwk
Fix-it,tndodntint40dnmitaodbyatagwk
FixItUp,tndodntint40dnmitaodbyatagwk
Flatwork,tndodntint56dnmitaodbyatagwk
Flatworks,tndodntint16dnmitaodbyatagwk
Floor,tndodntint32dnmitaodbyatagwk
FLOOR,tndodntint32dnmitaodbyatagwk
floor,tndodntint32dnmitaodbyatagwk
Floor.Care,tndodntint32dnmitaodbyatagwk
Floor\s,tndodntint32dnmitaodbyatagwk
Floorcovering,tndodntint32dnmitaodbyatagwk
flooring,tndodntint32dnmitaodbyatagwk
Flooring,tndodntint32dnmitaodbyatagwk
flooring,tndodntint32dnmitaodbyatagwk
FLOORING,tndodntint32dnmitaodbyatagwk
Flooring.Contractors,tndodntint32dnmitaodbyatagwk
Floors,tndodntint32dnmitaodbyatagwk
FLOORS,tndodntint32dnmitaodbyatagwk
floors,tndodntint32dnmitaodbyatagwk
Floorworks,tndodntint32dnmitaodbyatagwk
foam,tndodntint46dnmitaodbyatagwk
Foundations,tndodntint16dnmitaodbyatagwk
FOUNDATIONS,tndodntint16dnmitaodbyatagwk
Foundation,tndodntint16dnmitaodbyatagwk
foundation.repair,tndodntint16dnmitaodbyatagwk
Foundation.Repair,tndodntint16dnmitaodbyatagwk
FOUNDATION.REPAIR,tndodntint16dnmitaodbyatagwk
Foundation.repair,tndodntint16dnmitaodbyatagwk
Fountain,tndodntint33dnmitaodbyatagwk
Fountain.and.Pond,tndodntint33dnmitaodbyatagwk
Framing,tndodntint9dnmitaodbyatagwk
FRAMING,tndodntint9dnmitaodbyatagwk
framing,tndodntint9dnmitaodbyatagwk
fumigate,tndodntint58dnmitaodbyatagwk
fumigation,tndodntint58dnmitaodbyatagwk
FUMIGATION,tndodntint58dnmitaodbyatagwk
Fumigation,tndodntint58dnmitaodbyatagwk
Furnace,tndodntint39dnmitaodbyatagwk
FURNACE,tndodntint39dnmitaodbyatagwk
furnace,tndodntint39dnmitaodbyatagwk
Furnaces,tndodntint39dnmitaodbyatagwk
Furniture,tndodntint35dnmitaodbyatagwk
Furniture.Refinish,tndodntint35dnmitaodbyatagwk
Furniture.refinish,tndodntint35dnmitaodbyatagwk
Furniture.Repair,tndodntint35dnmitaodbyatagwk
Furniture.repair,tndodntint35dnmitaodbyatagwk
Furniture.Repair.&.Refinish,tndodntint35dnmitaodbyatagwk
Garage,tndodntint36dnmitaodbyatagwk
Garage.Door.Repair,tndodntint36dnmitaodbyatagwk
Garage.Doors,tndodntint36dnmitaodbyatagwk
Garage.Door,tndodntint36dnmitaodbyatagwk
GARAGE.REPAIR,tndodntint36dnmitaodbyatagwk
Garage.Works,tndodntint36dnmitaodbyatagwk
garage-door-repair,tndodntint36dnmitaodbyatagwk
Garages..Enclosures.&.Outbuildings,tndodntint37dnmitaodbyatagwk
Garden,tndodntint47dnmitaodbyatagwk
Garden.Service,tndodntint47dnmitaodbyatagwk
Gardener,tndodntint47dnmitaodbyatagwk
Gardeners.Lawn.Care.&.Sprinklers,tndodntint47dnmitaodbyatagwk
Gardeners.Lawn.Care.And.Sprinklers,tndodntint47dnmitaodbyatagwk
gardeners-lawn-care-and-sprinklers,tndodntint47dnmitaodbyatagwk
gardening,tndodntint48dnmitaodbyatagwk
gardening,tndodntint48dnmitaodbyatagwk
Gardening,tndodntint48dnmitaodbyatagwk
GARDENING,tndodntint48dnmitaodbyatagwk
Gardenscapes,tndodntint47dnmitaodbyatagwk
GARDNNG,tndodntint48dnmitaodbyatagwk
Gas.Fitter,tndodntint39dnmitaodbyatagwk
Gas.Fitter,tndodntint39dnmitaodbyatagwk
Gas.Piping,tndodntint60dnmitaodbyatagwk
Gas.Piping,tndodntint60dnmitaodbyatagwk
Gate,tndodntint30dnmitaodbyatagwk
gate,tndodntint30dnmitaodbyatagwk
GATE,tndodntint30dnmitaodbyatagwk
Gazebo,tndodntint2dnmitaodbyatagwk
GAZEBO,tndodntint2dnmitaodbyatagwk
gazebo,tndodntint2dnmitaodbyatagwk
General.C,tndodntint2dnmitaodbyatagwk
General.Contractors,tndodntint2dnmitaodbyatagwk
General.Repairs,tndodntint40dnmitaodbyatagwk
general.contract,tndodntint2dnmitaodbyatagwk
GENERAL.CONTRACT,tndodntint2dnmitaodbyatagwk
General.Contract,tndodntint2dnmitaodbyatagwk
General.contractor,tndodntint2dnmitaodbyatagwk
General-Contr,tndodntint2dnmitaodbyatagwk
general-contractor,tndodntint2dnmitaodbyatagwk
Glass,tndodntint22dnmitaodbyatagwk
Glass.&.Mirror,tndodntint38dnmitaodbyatagwk
Glass.Install,tndodntint38dnmitaodbyatagwk
glass.install,tndodntint38dnmitaodbyatagwk
GLASS.INSTALL,tndodntint38dnmitaodbyatagwk
Glass.install,tndodntint38dnmitaodbyatagwk
Glass.and.Shower,tndodntint38dnmitaodbyatagwk
Glazing,tndodntint40dnmitaodbyatagwk
Grade,tndodntint29dnmitaodbyatagwk
Grading,tndodntint29dnmitaodbyatagwk
Granite,tndodntint8dnmitaodbyatagwk
granite,tndodntint8dnmitaodbyatagwk
Grass,tndodntint48dnmitaodbyatagwk
Grass.Cut,tndodntint48dnmitaodbyatagwk
Grass.Guy,tndodntint48dnmitaodbyatagwk
grass.cuts,tndodntint48dnmitaodbyatagwk
grass.cutting,tndodntint48dnmitaodbyatagwk
Gravel,tndodntint29dnmitaodbyatagwk
greenthumb,tndodntint48dnmitaodbyatagwk
GREENTHUMB,tndodntint48dnmitaodbyatagwk
Ground.Keeper,tndodntint48dnmitaodbyatagwk
Ground.keeping,tndodntint48dnmitaodbyatagwk
Ground.Maintenance,tndodntint48dnmitaodbyatagwk
Groundkeeper,tndodntint48dnmitaodbyatagwk
Groundkeeping,tndodntint48dnmitaodbyatagwk
Grounds.keeping,tndodntint48dnmitaodbyatagwk
Grounds.Service,tndodntint47dnmitaodbyatagwk
Groundskeep,tndodntint48dnmitaodbyatagwk
Groundskeeping,tndodntint48dnmitaodbyatagwk
Groundwork,tndodntint39dnmitaodbyatagwk
Grout,tndodntint74dnmitaodbyatagwk
GROUT,tndodntint74dnmitaodbyatagwk
grout,tndodntint74dnmitaodbyatagwk
Gutter,tndodntint65dnmitaodbyatagwk
gutter,tndodntint65dnmitaodbyatagwk
GUTTER,tndodntint65dnmitaodbyatagwk
GUTTER.INSTALL,tndodntint65dnmitaodbyatagwk
Hammer,tndodntint40dnmitaodbyatagwk
hammerz,tndodntint40dnmitaodbyatagwk
Handi,tndodntint40dnmitaodbyatagwk
Handiwork,tndodntint40dnmitaodbyatagwk
Handrail,tndodntint40dnmitaodbyatagwk
Handy,tndodntint40dnmitaodbyatagwk
handy.man,tndodntint40dnmitaodbyatagwk
Handy.Man,tndodntint40dnmitaodbyatagwk
Handyman,tndodntint40dnmitaodbyatagwk
handyman,tndodntint40dnmitaodbyatagwk
HANDYMAN,tndodntint40dnmitaodbyatagwk
Handyman.Service,tndodntint40dnmitaodbyatagwk
handymen,tndodntint40dnmitaodbyatagwk
Handymen,tndodntint40dnmitaodbyatagwk
HANDYMEN,tndodntint40dnmitaodbyatagwk
handywork,tndodntint40dnmitaodbyatagwk
Handywork,tndodntint40dnmitaodbyatagwk
HANYMAN,tndodntint40dnmitaodbyatagwk
Hard.scape,tndodntint47dnmitaodbyatagwk
HARD.SCAP,tndodntint47dnmitaodbyatagwk
hard.scap,tndodntint47dnmitaodbyatagwk
Hardscape,tndodntint47dnmitaodbyatagwk
Hardscap,tndodntint47dnmitaodbyatagwk
HARDSCAP,tndodntint47dnmitaodbyatagwk
Hardwood,tndodntint32dnmitaodbyatagwk
HARDWOOD,tndodntint32dnmitaodbyatagwk
hardwood,tndodntint32dnmitaodbyatagwk
Hardwood.Floor,tndodntint32dnmitaodbyatagwk
Hardwood-Floors,tndodntint32dnmitaodbyatagwk
Haul,tndodntint81dnmitaodbyatagwk
HAUL,tndodntint81dnmitaodbyatagwk
Heat,tndodntint39dnmitaodbyatagwk
Heat.&.Air,tndodntint39dnmitaodbyatagwk
Heat.Air,tndodntint39dnmitaodbyatagwk
heatandair,tndodntint39dnmitaodbyatagwk
Heater,tndodntint39dnmitaodbyatagwk
Heaters,tndodntint39dnmitaodbyatagwk
Heating,tndodntint39dnmitaodbyatagwk
HEATING,tndodntint39dnmitaodbyatagwk
heating,tndodntint39dnmitaodbyatagwk
Heating.&.Cooling,tndodntint39dnmitaodbyatagwk
Heating.and.Cooling,tndodntint39dnmitaodbyatagwk
Heaton,tndodntint39dnmitaodbyatagwk
hedge.trimming,tndodntint47dnmitaodbyatagwk
Helpers,tndodntint40dnmitaodbyatagwk
Helping.Hand,tndodntint40dnmitaodbyatagwk
HELPING.HAND,tndodntint40dnmitaodbyatagwk
Hired.Labor,tndodntint40dnmitaodbyatagwk
HM.IMPRVMNTS,tndodntint2dnmitaodbyatagwk
Holiday.Light,tndodntint40dnmitaodbyatagwk
Home.Builders,tndodntint41dnmitaodbyatagwk
Home.Building,tndodntint41dnmitaodbyatagwk
home.building,tndodntint41dnmitaodbyatagwk
HOME.BUILDING,tndodntint41dnmitaodbyatagwk
Home.Care.&.Repair,tndodntint2dnmitaodbyatagwk
Home.Design,tndodntint5dnmitaodbyatagwk
Home.Furnishing,tndodntint24dnmitaodbyatagwk
Home.Improvement,tndodntint40dnmitaodbyatagwk
Home.Improvment,tndodntint2dnmitaodbyatagwk
Home.Inspection,tndodntint42dnmitaodbyatagwk
Home.Maintenance,tndodntint40dnmitaodbyatagwk
Home.Pro,tndodntint2dnmitaodbyatagwk
Home.Rebuild,tndodntint2dnmitaodbyatagwk
Home.redesign,tndodntint2dnmitaodbyatagwk
Home.Repair,tndodntint40dnmitaodbyatagwk
Home.Service,tndodntint2dnmitaodbyatagwk
Home.Services,tndodntint40dnmitaodbyatagwk
Home.Solutions,tndodntint2dnmitaodbyatagwk
Home.Staging,tndodntint5dnmitaodbyatagwk
Home.Structure.Moving,tndodntint43dnmitaodbyatagwk
Home.Theater,tndodntint6dnmitaodbyatagwk
Home.Warranty/Maintenance,tndodntint44dnmitaodbyatagwk
Home.Work,tndodntint8dnmitaodbyatagwk
Home.Works,tndodntint8dnmitaodbyatagwk
home.AC.tech,tndodntint39dnmitaodbyatagwk
HOME.BUILD,tndodntint40dnmitaodbyatagwk
Home.Build,tndodntint40dnmitaodbyatagwk
Home.builder,tndodntint40dnmitaodbyatagwk
Home.Comfort,tndodntint39dnmitaodbyatagwk
home.design,tndodntint5dnmitaodbyatagwk
Home.Design,tndodntint5dnmitaodbyatagwk
Home.Improvement,tndodntint2dnmitaodbyatagwk
Home.improvement,tndodntint2dnmitaodbyatagwk
home.improvement,tndodntint2dnmitaodbyatagwk
HOME.IMPROVEMENT,tndodntint2dnmitaodbyatagwk
HOME.Improvement,tndodntint2dnmitaodbyatagwk
home.improvment,tndodntint2dnmitaodbyatagwk
home.inspect,tndodntint42dnmitaodbyatagwk
Home.Inspection,tndodntint42dnmitaodbyatagwk
HOME.Inspection,tndodntint42dnmitaodbyatagwk
Home.inspector,tndodntint42dnmitaodbyatagwk
Home.Insulation,tndodntint46dnmitaodbyatagwk
HOME.MAINTENANCE,tndodntint40dnmitaodbyatagwk
Home.Maintenance,tndodntint40dnmitaodbyatagwk
home.maintenance,tndodntint40dnmitaodbyatagwk
Home.Modification,tndodntint40dnmitaodbyatagwk
home.organiz,tndodntint14dnmitaodbyatagwk
HOME.ORGANIZ,tndodntint14dnmitaodbyatagwk
Home.Organiz,tndodntint14dnmitaodbyatagwk
Home.organiz,tndodntint14dnmitaodbyatagwk
Home.Repair,tndodntint40dnmitaodbyatagwk
home.repair,tndodntint40dnmitaodbyatagwk
HOME.REPAIR,tndodntint40dnmitaodbyatagwk
Home.Services,tndodntint40dnmitaodbyatagwk
Home.Solution,tndodntint40dnmitaodbyatagwk
home.solution,tndodntint40dnmitaodbyatagwk
Home.Solution,tndodntint40dnmitaodbyatagwk
Home.Warranty,tndodntint44dnmitaodbyatagwk
home-builders,tndodntint41dnmitaodbyatagwk
HomeFix,tndodntint40dnmitaodbyatagwk
homeimprove,tndodntint2dnmitaodbyatagwk
Homeimprovement,tndodntint2dnmitaodbyatagwk
homeimprovement,tndodntint2dnmitaodbyatagwk
HomeImprovement,tndodntint2dnmitaodbyatagwk
homeImprovement,tndodntint2dnmitaodbyatagwk
HOMEIMPROVEMENT,tndodntint2dnmitaodbyatagwk
HOME-Improvement,tndodntint2dnmitaodbyatagwk
home.improvement,tndodntint2dnmitaodbyatagwk
Home.Improvement,tndodntint2dnmitaodbyatagwk
Home.improvement,tndodntint2dnmitaodbyatagwk
homeinspect,tndodntint42dnmitaodbyatagwk
HomeInspection,tndodntint42dnmitaodbyatagwk
homemaintenance,tndodntint40dnmitaodbyatagwk
HomePro,tndodntint2dnmitaodbyatagwk
homerepair,tndodntint40dnmitaodbyatagwk
HomeRepair,tndodntint40dnmitaodbyatagwk
Home-Repair,tndodntint40dnmitaodbyatagwk
Homes,tndodntint2dnmitaodbyatagwk
Homes.Improvement,tndodntint40dnmitaodbyatagwk
homeservice,tndodntint40dnmitaodbyatagwk
HOMESERVICE,tndodntint40dnmitaodbyatagwk
homework,tndodntint8dnmitaodbyatagwk
HomeWorks,tndodntint8dnmitaodbyatagwk
HOMEWORKS,tndodntint8dnmitaodbyatagwk
honey.do,tndodntint40dnmitaodbyatagwk
Honey.Do,tndodntint40dnmitaodbyatagwk
Hot.Tubs..Spas.&.Saunas,tndodntint45dnmitaodbyatagwk
Hot.Water,tndodntint39dnmitaodbyatagwk
Hot.Water,tndodntint39dnmitaodbyatagwk
Hot.Tub,tndodntint45dnmitaodbyatagwk
hottub,tndodntint45dnmitaodbyatagwk
HOT.TUB,tndodntint45dnmitaodbyatagwk
HOTTUB,tndodntint45dnmitaodbyatagwk
House.Cleaners,tndodntint13dnmitaodbyatagwk
House.Cleaning.Services,tndodntint13dnmitaodbyatagwk
House.Help,tndodntint40dnmitaodbyatagwk
House.Help,tndodntint40dnmitaodbyatagwk
House.Keeping,tndodntint13dnmitaodbyatagwk
House.Keeping,tndodntint13dnmitaodbyatagwk
House.Moving,tndodntint43dnmitaodbyatagwk
House.Moving,tndodntint43dnmitaodbyatagwk
House.Staging,tndodntint5dnmitaodbyatagwk
House.Staging,tndodntint5dnmitaodbyatagwk
House.Wash,tndodntint55dnmitaodbyatagwk
House.Wash,tndodntint55dnmitaodbyatagwk
House.Doctor,tndodntint40dnmitaodbyatagwk
House.Improvement,tndodntint40dnmitaodbyatagwk
House.Keeping,tndodntint13dnmitaodbyatagwk
HOUSE.LEVEL,tndodntint2dnmitaodbyatagwk
House.Pro,tndodntint2dnmitaodbyatagwk
House.Wash,tndodntint13dnmitaodbyatagwk
House.Washing,tndodntint13dnmitaodbyatagwk
house-cleaners,tndodntint13dnmitaodbyatagwk
housekeeper,tndodntint13dnmitaodbyatagwk
Housekeeping,tndodntint13dnmitaodbyatagwk
Housekeeping,tndodntint13dnmitaodbyatagwk
HOUSEKEEP,tndodntint13dnmitaodbyatagwk
htg,tndodntint39dnmitaodbyatagwk
HVAC,tndodntint39dnmitaodbyatagwk
hvac,tndodntint39dnmitaodbyatagwk
Hvac,tndodntint39dnmitaodbyatagwk
Hvac.Contractors,tndodntint39dnmitaodbyatagwk
hvac-contractors,tndodntint39dnmitaodbyatagwk
HVACR,tndodntint39dnmitaodbyatagwk
HVACR,tndodntint39dnmitaodbyatagwk
Hydroseeding,tndodntint48dnmitaodbyatagwk
Hydroseeding,tndodntint48dnmitaodbyatagwk
Improvement.Company,tndodntint2dnmitaodbyatagwk
IMPROVEMENT.COMPANY,tndodntint2dnmitaodbyatagwk
Improvements,tndodntint2dnmitaodbyatagwk
Inspect,tndodntint42dnmitaodbyatagwk
INSPECT,tndodntint42dnmitaodbyatagwk
instalacin,tndodntint40dnmitaodbyatagwk
Instalacin.y.compra.venta,tndodntint40dnmitaodbyatagwk
instalacin.y.servicio,tndodntint40dnmitaodbyatagwk
install,tndodntint40dnmitaodbyatagwk
Install,tndodntint40dnmitaodbyatagwk
installation,tndodntint40dnmitaodbyatagwk
INSULATI,tndodntint46dnmitaodbyatagwk
Insulation,tndodntint46dnmitaodbyatagwk
INSULATION,tndodntint46dnmitaodbyatagwk
insulation,tndodntint46dnmitaodbyatagwk
Insulation,tndodntint46dnmitaodbyatagwk
Interior,tndodntint9dnmitaodbyatagwk
interior,tndodntint9dnmitaodbyatagwk
INTERIOR,tndodntint9dnmitaodbyatagwk
Interior.Design,tndodntint5dnmitaodbyatagwk
Interior.Designers.&.Decorators,tndodntint5dnmitaodbyatagwk
INTERIOR.SOLUTION,tndodntint9dnmitaodbyatagwk
Interiors,tndodntint9dnmitaodbyatagwk
Iron.work,tndodntint84dnmitaodbyatagwk
Iron.Works,tndodntint84dnmitaodbyatagwk
Ironworks,tndodntint84dnmitaodbyatagwk
Irrigation,tndodntint47dnmitaodbyatagwk
IRRIGATION,tndodntint47dnmitaodbyatagwk
irrigation,tndodntint47dnmitaodbyatagwk
It.Fixed,tndodntint40dnmitaodbyatagwk
jack.of.all.trade,tndodntint40dnmitaodbyatagwk
Jack.of.all.trade,tndodntint40dnmitaodbyatagwk
Jack.of.All.Trades,tndodntint40dnmitaodbyatagwk
JANITOR,tndodntint13dnmitaodbyatagwk
Janitor,tndodntint13dnmitaodbyatagwk
Janitorial,tndodntint13dnmitaodbyatagwk
Junk,tndodntint81dnmitaodbyatagwk
JUNK,tndodntint81dnmitaodbyatagwk
JUNK.REMOVAL,tndodntint81dnmitaodbyatagwk
Junk.Removal,tndodntint81dnmitaodbyatagwk
junk.removal,tndodntint81dnmitaodbyatagwk
junkhaul,tndodntint81dnmitaodbyatagwk
JunkRemoval,tndodntint81dnmitaodbyatagwk
Key.&.Locks,tndodntint49dnmitaodbyatagwk
kitchen,tndodntint2dnmitaodbyatagwk
Kitchen,tndodntint2dnmitaodbyatagwk
Kitchen.&.Bath,tndodntint2dnmitaodbyatagwk
Kitchen.&.Bath.Remodelers,tndodntint2dnmitaodbyatagwk
Kitchen.and.Bath,tndodntint2dnmitaodbyatagwk
Kitchen.And.Bath.Remodelers,tndodntint2dnmitaodbyatagwk
kitchen.specialist,tndodntint2dnmitaodbyatagwk
Kitchen.Specialist,tndodntint2dnmitaodbyatagwk
kitchen.and.bath,tndodntint2dnmitaodbyatagwk
KITCHEN.SPECIALIST,tndodntint2dnmitaodbyatagwk
kitchenandbath,tndodntint2dnmitaodbyatagwk
kitchenandbath,tndodntint2dnmitaodbyatagwk
kitchen-and-bath-remodelers,tndodntint2dnmitaodbyatagwk
Klean,tndodntint13dnmitaodbyatagwk
KLEAN,tndodntint13dnmitaodbyatagwk
klean,tndodntint13dnmitaodbyatagwk
Kleaning,tndodntint13dnmitaodbyatagwk
KLEANING,tndodntint13dnmitaodbyatagwk
Kleen,tndodntint13dnmitaodbyatagwk
KLEEN,tndodntint13dnmitaodbyatagwk
kleen,tndodntint13dnmitaodbyatagwk
Kleening,tndodntint13dnmitaodbyatagwk
Konstruction,tndodntint2dnmitaodbyatagwk
Kontractors,tndodntint2dnmitaodbyatagwk
Kooling,tndodntint39dnmitaodbyatagwk
Laminate,tndodntint32dnmitaodbyatagwk
Land.Care,tndodntint48dnmitaodbyatagwk
Land.Compan,tndodntint47dnmitaodbyatagwk
Land.Service,tndodntint47dnmitaodbyatagwk
Land.Clearing,tndodntint29dnmitaodbyatagwk
land.clearing,tndodntint29dnmitaodbyatagwk
LAND.CLEARING,tndodntint29dnmitaodbyatagwk
Land.Improvement,tndodntint29dnmitaodbyatagwk
Land.Works,tndodntint29dnmitaodbyatagwk
Landascape,tndodntint47dnmitaodbyatagwk
Landcare,tndodntint48dnmitaodbyatagwk
Land-Clearing,tndodntint29dnmitaodbyatagwk
Landscap,tndodntint47dnmitaodbyatagwk
landscap,tndodntint47dnmitaodbyatagwk
Landscape,tndodntint47dnmitaodbyatagwk
LANDSCAPE,tndodntint47dnmitaodbyatagwk
Landscape.Architect,tndodntint47dnmitaodbyatagwk
Landscape.Contractors,tndodntint47dnmitaodbyatagwk
landscape-architect,tndodntint47dnmitaodbyatagwk
landscape-contractors,tndodntint47dnmitaodbyatagwk
Landscaping,tndodntint47dnmitaodbyatagwk
landscaping,tndodntint47dnmitaodbyatagwk
LANDSCAPING,tndodntint47dnmitaodbyatagwk
Landscaping.&.Sprinklers,tndodntint47dnmitaodbyatagwk
Landscp,tndodntint47dnmitaodbyatagwk
Landworks,tndodntint39dnmitaodbyatagwk
Lanscape,tndodntint47dnmitaodbyatagwk
LANSCAPE,tndodntint47dnmitaodbyatagwk
lanscape,tndodntint47dnmitaodbyatagwk
lanwcare,tndodntint47dnmitaodbyatagwk
Lawn,tndodntint48dnmitaodbyatagwk
LAWN,tndodntint48dnmitaodbyatagwk
\slawn,tndodntint48dnmitaodbyatagwk
Lawn.And.Sprinklers,tndodntint48dnmitaodbyatagwk
Lawn.Care,tndodntint48dnmitaodbyatagwk
lawn.care,tndodntint48dnmitaodbyatagwk
LAWN.CARE,tndodntint48dnmitaodbyatagwk
Lawn.care,tndodntint48dnmitaodbyatagwk
lawn.service,tndodntint48dnmitaodbyatagwk
Lawn.Service,tndodntint48dnmitaodbyatagwk
Lawn.service,tndodntint48dnmitaodbyatagwk
Lawn.sprinkler,tndodntint48dnmitaodbyatagwk
lawn-and-sprinklers,tndodntint48dnmitaodbyatagwk
lawncare,tndodntint48dnmitaodbyatagwk
Lawncare,tndodntint48dnmitaodbyatagwk
LAWNCARE,tndodntint48dnmitaodbyatagwk
LAWN-CARE,tndodntint48dnmitaodbyatagwk
Lawnscape,tndodntint47dnmitaodbyatagwk
Lawnscape,tndodntint47dnmitaodbyatagwk
Ldscpg,tndodntint47dnmitaodbyatagwk
\slead,tndodntint78dnmitaodbyatagwk
\sLEAD,tndodntint78dnmitaodbyatagwk
Leaf,tndodntint47dnmitaodbyatagwk
Leaf.Removal,tndodntint47dnmitaodbyatagwk
LeafGuard,tndodntint65dnmitaodbyatagwk
leak.detection,tndodntint39dnmitaodbyatagwk
Lending,tndodntint86dnmitaodbyatagwk
Leveling,tndodntint2dnmitaodbyatagwk
Lift,tndodntint28dnmitaodbyatagwk
Lighting,tndodntint25dnmitaodbyatagwk
lighting,tndodntint40dnmitaodbyatagwk
LIGHTING,tndodntint25dnmitaodbyatagwk
Lightscape,tndodntint25dnmitaodbyatagwk
limpezia,tndodntint13dnmitaodbyatagwk
Lock,tndodntint49dnmitaodbyatagwk
Lock.Smith,tndodntint49dnmitaodbyatagwk
Locksmith,tndodntint49dnmitaodbyatagwk
LOCKSMITH,tndodntint49dnmitaodbyatagwk
locksmith,tndodntint49dnmitaodbyatagwk
Maid,tndodntint13dnmitaodbyatagwk
MAID,tndodntint13dnmitaodbyatagwk
maid,tndodntint13dnmitaodbyatagwk
Maid.Service,tndodntint50dnmitaodbyatagwk
Maint,tndodntint40dnmitaodbyatagwk
maintaining.home,tndodntint40dnmitaodbyatagwk
Maintenance,tndodntint40dnmitaodbyatagwk
maintenance,tndodntint40dnmitaodbyatagwk
MAINTENANCE,tndodntint40dnmitaodbyatagwk
Maintenance.&.Repair,tndodntint40dnmitaodbyatagwk
Maintenance.and.Repair,tndodntint40dnmitaodbyatagwk
Maintenance.Man,tndodntint40dnmitaodbyatagwk
Maintenance.Men,tndodntint40dnmitaodbyatagwk
Marble,tndodntint8dnmitaodbyatagwk
MARBLE.&.TILE,tndodntint8dnmitaodbyatagwk
Mason,tndodntint16dnmitaodbyatagwk
mason,tndodntint16dnmitaodbyatagwk
MASON,tndodntint16dnmitaodbyatagwk
Masonry,tndodntint16dnmitaodbyatagwk
MASONRY,tndodntint16dnmitaodbyatagwk
Mastercraft,tndodntint9dnmitaodbyatagwk
Mechanical,tndodntint39dnmitaodbyatagwk
MECHANICAL,tndodntint39dnmitaodbyatagwk
mechanical,tndodntint39dnmitaodbyatagwk
Mechanical.Solution,tndodntint39dnmitaodbyatagwk
metal.fabricat,tndodntint39dnmitaodbyatagwk
Metal.Fabrication,tndodntint51dnmitaodbyatagwk
Metal.Wo,tndodntint84dnmitaodbyatagwk
Metal.Fab,tndodntint51dnmitaodbyatagwk
metal.fabrication,tndodntint51dnmitaodbyatagwk
Millwork,tndodntint8dnmitaodbyatagwk
MILLWORK,tndodntint8dnmitaodbyatagwk
millwork,tndodntint8dnmitaodbyatagwk
Mini.Blind,tndodntint25dnmitaodbyatagwk
Mirror,tndodntint38dnmitaodbyatagwk
MIRROR,tndodntint38dnmitaodbyatagwk
Mirrors,tndodntint38dnmitaodbyatagwk
MNTNC,tndodntint40dnmitaodbyatagwk
Modular.Building,tndodntint2dnmitaodbyatagwk
Mold,tndodntint78dnmitaodbyatagwk
mold.remediation,tndodntint78dnmitaodbyatagwk
Mold.Removal,tndodntint78dnmitaodbyatagwk
mold.treat,tndodntint78dnmitaodbyatagwk
Mold.Treat,tndodntint78dnmitaodbyatagwk
Mosquito,tndodntint58dnmitaodbyatagwk
MOVER,tndodntint52dnmitaodbyatagwk
Mover,tndodntint52dnmitaodbyatagwk
movers,tndodntint52dnmitaodbyatagwk
Movers,tndodntint52dnmitaodbyatagwk
MOVERS,tndodntint52dnmitaodbyatagwk
Moving,tndodntint52dnmitaodbyatagwk
MOVING,tndodntint52dnmitaodbyatagwk
moving,tndodntint52dnmitaodbyatagwk
Moving.Company,tndodntint52dnmitaodbyatagwk
Mow,tndodntint48dnmitaodbyatagwk
Mowing,tndodntint48dnmitaodbyatagwk
mowing,tndodntint48dnmitaodbyatagwk
Mr.Fix,tndodntint40dnmitaodbyatagwk
Mrs.Fix,tndodntint40dnmitaodbyatagwk
Mudjack,tndodntint16dnmitaodbyatagwk
Mulch,tndodntint48dnmitaodbyatagwk
Mulching,tndodntint48dnmitaodbyatagwk
no.job.too,tndodntint40dnmitaodbyatagwk
No.Job.Too,tndodntint40dnmitaodbyatagwk
no.project.too,tndodntint40dnmitaodbyatagwk
No.Project.Too,tndodntint40dnmitaodbyatagwk
Nursery,tndodntint47dnmitaodbyatagwk
NURSERY,tndodntint47dnmitaodbyatagwk
Odd.Job,tndodntint40dnmitaodbyatagwk
odd.job.s,tndodntint40dnmitaodbyatagwk
Odd.Jobs,tndodntint40dnmitaodbyatagwk
odd.jobs,tndodntint40dnmitaodbyatagwk
Odd.jobs,tndodntint40dnmitaodbyatagwk
oddjobs,tndodntint40dnmitaodbyatagwk
Oddjobs,tndodntint40dnmitaodbyatagwk
OddJobs,tndodntint40dnmitaodbyatagwk
odor.elimination,tndodntint13dnmitaodbyatagwk
Odor.Elimination,tndodntint13dnmitaodbyatagwk
of.trades,tndodntint40dnmitaodbyatagwk
Of.All.Jobs,tndodntint40dnmitaodbyatagwk
of.all.trades,tndodntint40dnmitaodbyatagwk
Oil.Burner,tndodntint39dnmitaodbyatagwk
organize,tndodntint14dnmitaodbyatagwk
Organize,tndodntint14dnmitaodbyatagwk
ORGANIZE,tndodntint14dnmitaodbyatagwk
Organizers,tndodntint14dnmitaodbyatagwk
Organizing,tndodntint14dnmitaodbyatagwk
organizing,tndodntint14dnmitaodbyatagwk
ORGANIZING,tndodntint14dnmitaodbyatagwk
Other,tndodntint53dnmitaodbyatagwk
Outbuild,tndodntint37dnmitaodbyatagwk
OUTBUILD,tndodntint37dnmitaodbyatagwk
outbuild,tndodntint37dnmitaodbyatagwk
Outdoor,tndodntint47dnmitaodbyatagwk
OUTDOOR,tndodntint47dnmitaodbyatagwk
outdoor,tndodntint47dnmitaodbyatagwk
Outdoor.Lighting.And.Audio.Visual.Systems,tndodntint6dnmitaodbyatagwk
Outdoor.Play.Equipment,tndodntint54dnmitaodbyatagwk
outdoor-lighting-and-audio-visual-systems,tndodntint6dnmitaodbyatagwk
Overhead.Door,tndodntint36dnmitaodbyatagwk
OVERHEAD.DOOR,tndodntint36dnmitaodbyatagwk
overhead.door,tndodntint36dnmitaodbyatagwk
Paint,tndodntint55dnmitaodbyatagwk
PAINT,tndodntint55dnmitaodbyatagwk
Paint.And.Wall.Coverings,tndodntint59dnmitaodbyatagwk
paint-and-wall-coverings,tndodntint59dnmitaodbyatagwk
Painter,tndodntint55dnmitaodbyatagwk
painter,tndodntint55dnmitaodbyatagwk
painters,tndodntint55dnmitaodbyatagwk
Painters,tndodntint55dnmitaodbyatagwk
painting,tndodntint55dnmitaodbyatagwk
Painting,tndodntint55dnmitaodbyatagwk
PAINTING,tndodntint55dnmitaodbyatagwk
Paperhanging,tndodntint55dnmitaodbyatagwk
Patio,tndodntint17dnmitaodbyatagwk
patio,tndodntint17dnmitaodbyatagwk
Patio\s,tndodntint17dnmitaodbyatagwk
patioaddition,tndodntint17dnmitaodbyatagwk
Patios,tndodntint17dnmitaodbyatagwk
PATIO,tndodntint17dnmitaodbyatagwk
Pavement,tndodntint56dnmitaodbyatagwk
PAVEMENT,tndodntint56dnmitaodbyatagwk
pavement,tndodntint56dnmitaodbyatagwk
Paver,tndodntint56dnmitaodbyatagwk
PAVER,tndodntint56dnmitaodbyatagwk
paver,tndodntint56dnmitaodbyatagwk
Paving,tndodntint56dnmitaodbyatagwk
paving,tndodntint56dnmitaodbyatagwk
PAVING,tndodntint56dnmitaodbyatagwk
PC.Repair,tndodntint6dnmitaodbyatagwk
Pergola,tndodntint2dnmitaodbyatagwk
PERGOLA,tndodntint2dnmitaodbyatagwk
pergola,tndodntint2dnmitaodbyatagwk
pergola.builder,tndodntint2dnmitaodbyatagwk
Permit.Services,tndodntint57dnmitaodbyatagwk
Pesky,tndodntint58dnmitaodbyatagwk
Pest,tndodntint58dnmitaodbyatagwk
PEST,tndodntint58dnmitaodbyatagwk
Pest.Control,tndodntint58dnmitaodbyatagwk
PEST.CONTROL,tndodntint58dnmitaodbyatagwk
pest.control,tndodntint58dnmitaodbyatagwk
Pest.control,tndodntint58dnmitaodbyatagwk
pest.manage,tndodntint58dnmitaodbyatagwk
Pest.Manage,tndodntint58dnmitaodbyatagwk
PEST.MANAGE,tndodntint58dnmitaodbyatagwk
pest.solution,tndodntint58dnmitaodbyatagwk
PEST.SOLUTION,tndodntint58dnmitaodbyatagwk
Pest.Solution,tndodntint58dnmitaodbyatagwk
pestcontrol,tndodntint58dnmitaodbyatagwk
PESTCONTROL,tndodntint58dnmitaodbyatagwk
PestControl,tndodntint58dnmitaodbyatagwk
pest-control,tndodntint58dnmitaodbyatagwk
Pest-Control,tndodntint58dnmitaodbyatagwk
PestManagement,tndodntint58dnmitaodbyatagwk
Pest-Management,tndodntint58dnmitaodbyatagwk
PestSolution,tndodntint58dnmitaodbyatagwk
pintura,tndodntint55dnmitaodbyatagwk
Plaster,tndodntint59dnmitaodbyatagwk
PLASTER,tndodntint59dnmitaodbyatagwk
Plaster.&.Drywall,tndodntint59dnmitaodbyatagwk
plaster,tndodntint59dnmitaodbyatagwk
Plastering,tndodntint59dnmitaodbyatagwk
plastering,tndodntint59dnmitaodbyatagwk
PLASTERING,tndodntint59dnmitaodbyatagwk
plmb,tndodntint60dnmitaodbyatagwk
Plow,tndodntint47dnmitaodbyatagwk
Plowing,tndodntint47dnmitaodbyatagwk
Plumb,tndodntint60dnmitaodbyatagwk
plumb,tndodntint60dnmitaodbyatagwk
PLUMB,tndodntint60dnmitaodbyatagwk
plumber,tndodntint60dnmitaodbyatagwk
Plumber,tndodntint60dnmitaodbyatagwk
Plumbers,tndodntint60dnmitaodbyatagwk
Plumbing,tndodntint60dnmitaodbyatagwk
PLUMBING,tndodntint60dnmitaodbyatagwk
plumbing,tndodntint60dnmitaodbyatagwk
PLumbing,tndodntint60dnmitaodbyatagwk
Plumbing.Contractors,tndodntint60dnmitaodbyatagwk
plumbing-contractors,tndodntint60dnmitaodbyatagwk
Pond,tndodntint33dnmitaodbyatagwk
Pool,tndodntint61dnmitaodbyatagwk
Pool.&.Spa.Maintenance,tndodntint61dnmitaodbyatagwk
Pool.Care,tndodntint61dnmitaodbyatagwk
pool.care,tndodntint61dnmitaodbyatagwk
Pool.care,tndodntint61dnmitaodbyatagwk
POOL.CARE,tndodntint61dnmitaodbyatagwk
Pool.clean,tndodntint61dnmitaodbyatagwk
Pool.Clean,tndodntint61dnmitaodbyatagwk
pool.clean,tndodntint61dnmitaodbyatagwk
POOL.CLEAN,tndodntint61dnmitaodbyatagwk
Pool.Expert,tndodntint61dnmitaodbyatagwk
POOL.EXPERT,tndodntint61dnmitaodbyatagwk
pool.maint,tndodntint61dnmitaodbyatagwk
Pool.maint,tndodntint61dnmitaodbyatagwk
POOL.MAINT,tndodntint61dnmitaodbyatagwk
Pool.Maint,tndodntint61dnmitaodbyatagwk
pool.solution,tndodntint61dnmitaodbyatagwk
Pool.Solution,tndodntint61dnmitaodbyatagwk
POOL.SOLUTION,tndodntint61dnmitaodbyatagwk
Pool.Works,tndodntint61dnmitaodbyatagwk
POOL.WORKS,tndodntint61dnmitaodbyatagwk
poolcare,tndodntint61dnmitaodbyatagwk
POOLCARE,tndodntint61dnmitaodbyatagwk
poolprofessional,tndodntint61dnmitaodbyatagwk
POOLPRO,tndodntint61dnmitaodbyatagwk
Pools,tndodntint61dnmitaodbyatagwk
pools,tndodntint61dnmitaodbyatagwk
POOLS,tndodntint61dnmitaodbyatagwk
Pools.And.Spas,tndodntint61dnmitaodbyatagwk
pools-and-spas,tndodntint61dnmitaodbyatagwk
poolsolution,tndodntint61dnmitaodbyatagwk
POOLSOLUTION,tndodntint61dnmitaodbyatagwk
PoolSolution,tndodntint61dnmitaodbyatagwk
Porch,tndodntint17dnmitaodbyatagwk
PORCH,tndodntint17dnmitaodbyatagwk
Portable.Building,tndodntint36dnmitaodbyatagwk
PORTABLE.BUILDING,tndodntint36dnmitaodbyatagwk
Power,tndodntint25dnmitaodbyatagwk
Power.Wash,tndodntint55dnmitaodbyatagwk
POWER.WASH,tndodntint55dnmitaodbyatagwk
power.washing,tndodntint55dnmitaodbyatagwk
Power.Washing,tndodntint55dnmitaodbyatagwk
power.wash,tndodntint55dnmitaodbyatagwk
Powerwash,tndodntint55dnmitaodbyatagwk
POWERWASH,tndodntint55dnmitaodbyatagwk
powerwash,tndodntint55dnmitaodbyatagwk
PowerWash,tndodntint55dnmitaodbyatagwk
Powerwash,tndodntint55dnmitaodbyatagwk
Pressure.Wash,tndodntint55dnmitaodbyatagwk
Pressure.wash,tndodntint55dnmitaodbyatagwk
Pressure.Wash,tndodntint55dnmitaodbyatagwk
pressure.wash,tndodntint55dnmitaodbyatagwk
PRESSURE.WASH,tndodntint55dnmitaodbyatagwk
Pressurewash,tndodntint55dnmitaodbyatagwk
pressurewash,tndodntint55dnmitaodbyatagwk
PressureWash,tndodntint55dnmitaodbyatagwk
Pressure-Wash,tndodntint55dnmitaodbyatagwk
pressure-washing,tndodntint55dnmitaodbyatagwk
professionalcleaner,tndodntint13dnmitaodbyatagwk
Projects,tndodntint40dnmitaodbyatagwk
property,tndodntint40dnmitaodbyatagwk
Property.Care,tndodntint2dnmitaodbyatagwk
property.improvement,tndodntint40dnmitaodbyatagwk
property.pros,tndodntint40dnmitaodbyatagwk
Property.Service,tndodntint2dnmitaodbyatagwk
Property.Solution,tndodntint2dnmitaodbyatagwk
Property.Care,tndodntint40dnmitaodbyatagwk
Property.Improvement,tndodntint2dnmitaodbyatagwk
Property.Inspection,tndodntint42dnmitaodbyatagwk
Property.Inspector,tndodntint42dnmitaodbyatagwk
Property.Maintainance,tndodntint40dnmitaodbyatagwk
Property.Solutions,tndodntint2dnmitaodbyatagwk
PropertyMaintenance,tndodntint40dnmitaodbyatagwk
Property-Maintenance,tndodntint40dnmitaodbyatagwk
PROPERTY.MAINT,tndodntint40dnmitaodbyatagwk
Pruning,tndodntint48dnmitaodbyatagwk
Pump.Service,tndodntint82dnmitaodbyatagwk
Pump.Srv,tndodntint82dnmitaodbyatagwk
Pumping,tndodntint82dnmitaodbyatagwk
PunchList,tndodntint40dnmitaodbyatagwk
Quality.Trim,tndodntint9dnmitaodbyatagwk
quality.work,tndodntint40dnmitaodbyatagwk
Quality.Work,tndodntint40dnmitaodbyatagwk
Radon,tndodntint78dnmitaodbyatagwk
RAILING,tndodntint2dnmitaodbyatagwk
Railing.contractor,tndodntint2dnmitaodbyatagwk
Railings,tndodntint2dnmitaodbyatagwk
railings,tndodntint2dnmitaodbyatagwk
Real.Estate.Agents,tndodntint62dnmitaodbyatagwk
Recovery,tndodntint63dnmitaodbyatagwk
Recovery.Service,tndodntint63dnmitaodbyatagwk
refinish,tndodntint8dnmitaodbyatagwk
Refinishing,tndodntint9dnmitaodbyatagwk
refrigeracin.y.congelacin,tndodntint39dnmitaodbyatagwk
Refrigeration,tndodntint39dnmitaodbyatagwk
Remediat,tndodntint78dnmitaodbyatagwk
Remediation,tndodntint78dnmitaodbyatagwk
REMEDIAT,tndodntint78dnmitaodbyatagwk
remediat,tndodntint78dnmitaodbyatagwk
Remod,tndodntint2dnmitaodbyatagwk
Remodel,tndodntint2dnmitaodbyatagwk
remodel,tndodntint2dnmitaodbyatagwk
REMODEL,tndodntint2dnmitaodbyatagwk
Remodelacion,tndodntint2dnmitaodbyatagwk
Remodelaciones,tndodntint2dnmitaodbyatagwk
REMODELING,tndodntint2dnmitaodbyatagwk
remodeling,tndodntint2dnmitaodbyatagwk
Remodeling,tndodntint2dnmitaodbyatagwk
Remodeling.and.Construction,tndodntint2dnmitaodbyatagwk
Remodling,tndodntint2dnmitaodbyatagwk
REMOLDING,tndodntint2dnmitaodbyatagwk
Removal,tndodntint81dnmitaodbyatagwk
removal.service,tndodntint81dnmitaodbyatagwk
Removal.Service,tndodntint81dnmitaodbyatagwk
renovat,tndodntint2dnmitaodbyatagwk
RENOVAT,tndodntint2dnmitaodbyatagwk
Renovat,tndodntint2dnmitaodbyatagwk
Renovating,tndodntint2dnmitaodbyatagwk
Renovation,tndodntint2dnmitaodbyatagwk
renovation,tndodntint2dnmitaodbyatagwk
RENOVATION,tndodntint2dnmitaodbyatagwk
Renovator,tndodntint2dnmitaodbyatagwk
Rental.Services,tndodntint64dnmitaodbyatagwk
Repair,tndodntint40dnmitaodbyatagwk
repair,tndodntint40dnmitaodbyatagwk
repairs.and.improvement,tndodntint40dnmitaodbyatagwk
REPAIR,tndodntint40dnmitaodbyatagwk
Repipes,tndodntint60dnmitaodbyatagwk
Resealing,tndodntint56dnmitaodbyatagwk
residential,tndodntint2dnmitaodbyatagwk
Residential,tndodntint2dnmitaodbyatagwk
RESIDENTIAL,tndodntint2dnmitaodbyatagwk
Residential.Repair,tndodntint2dnmitaodbyatagwk
Residential.Service,tndodntint40dnmitaodbyatagwk
Residential.Glass,tndodntint22dnmitaodbyatagwk
Residential.System,tndodntint40dnmitaodbyatagwk
Restoration,tndodntint2dnmitaodbyatagwk
restoration,tndodntint2dnmitaodbyatagwk
RESTORATION,tndodntint2dnmitaodbyatagwk
Resurfacing,tndodntint16dnmitaodbyatagwk
RESURFACING,tndodntint16dnmitaodbyatagwk
Retaining.Wall,tndodntint47dnmitaodbyatagwk
retaining.wall,tndodntint47dnmitaodbyatagwk
RETAINING.WALL,tndodntint47dnmitaodbyatagwk
Rnvtns,tndodntint2dnmitaodbyatagwk
Rodent,tndodntint58dnmitaodbyatagwk
Rodent.Control,tndodntint58dnmitaodbyatagwk
Roof,tndodntint65dnmitaodbyatagwk
Roof,tndodntint65dnmitaodbyatagwk
/sROOF,tndodntint65dnmitaodbyatagwk
Roof.Inspection,tndodntint42dnmitaodbyatagwk
roof.specialist,tndodntint65dnmitaodbyatagwk
Roof.System,tndodntint65dnmitaodbyatagwk
Roof\s,tndodntint65dnmitaodbyatagwk
Roofer,tndodntint65dnmitaodbyatagwk
roofer,tndodntint65dnmitaodbyatagwk
roofers,tndodntint65dnmitaodbyatagwk
ROOFING,tndodntint65dnmitaodbyatagwk
roofing,tndodntint65dnmitaodbyatagwk
Roofing,tndodntint65dnmitaodbyatagwk
Roofing.&.Gutters,tndodntint65dnmitaodbyatagwk
Roofing.And.Gutter,tndodntint65dnmitaodbyatagwk
roofing-and-gutter,tndodntint65dnmitaodbyatagwk
Roofng,tndodntint65dnmitaodbyatagwk
Roofs,tndodntint65dnmitaodbyatagwk
\sROOFS,tndodntint65dnmitaodbyatagwk
roofs,tndodntint65dnmitaodbyatagwk
Rooter,tndodntint60dnmitaodbyatagwk
ROOTER,tndodntint60dnmitaodbyatagwk
rooter,tndodntint60dnmitaodbyatagwk
RSDNTL,tndodntint2dnmitaodbyatagwk
Rubbish.Removal,tndodntint13dnmitaodbyatagwk
RUBBISH.REMOVAL,tndodntint13dnmitaodbyatagwk
RubbishRemoval,tndodntint13dnmitaodbyatagwk
rubbish.removal,tndodntint13dnmitaodbyatagwk
Sandblast,tndodntint66dnmitaodbyatagwk
Sandblasting.Service,tndodntint66dnmitaodbyatagwk
SAUNAS,tndodntint45dnmitaodbyatagwk
Saunas,tndodntint45dnmitaodbyatagwk
Scapes,tndodntint47dnmitaodbyatagwk
Scaping,tndodntint47dnmitaodbyatagwk
Screen.Repair,tndodntint22dnmitaodbyatagwk
Screens,tndodntint22dnmitaodbyatagwk
Scrubs,tndodntint13dnmitaodbyatagwk
Seal.Coating,tndodntint56dnmitaodbyatagwk
SEAL.COATING,tndodntint56dnmitaodbyatagwk
Sealcoat,tndodntint56dnmitaodbyatagwk
sealcoat,tndodntint56dnmitaodbyatagwk
Sealcoating,tndodntint56dnmitaodbyatagwk
sealcoating,tndodntint56dnmitaodbyatagwk
SEALCOAT,tndodntint56dnmitaodbyatagwk
Seal-Coating,tndodntint56dnmitaodbyatagwk
SEAL.COAT,tndodntint56dnmitaodbyatagwk
Sealer,tndodntint56dnmitaodbyatagwk
Sealing,tndodntint56dnmitaodbyatagwk
Seamless,tndodntint65dnmitaodbyatagwk
Seamless,tndodntint65dnmitaodbyatagwk
Security,tndodntint67dnmitaodbyatagwk
SECURITY,tndodntint67dnmitaodbyatagwk
security,tndodntint67dnmitaodbyatagwk
Security.Services,tndodntint67dnmitaodbyatagwk
Septic,tndodntint68dnmitaodbyatagwk
SEPTIC,tndodntint68dnmitaodbyatagwk
septic,tndodntint68dnmitaodbyatagwk
Septic.Cleaning,tndodntint68dnmitaodbyatagwk
Septic.Tanks.And.Systems,tndodntint60dnmitaodbyatagwk
septic-tanks-and-systems,tndodntint60dnmitaodbyatagwk
service,tndodntint40dnmitaodbyatagwk
Service,tndodntint40dnmitaodbyatagwk
SERVICE,tndodntint40dnmitaodbyatagwk
Service.Solution,tndodntint40dnmitaodbyatagwk
Sewer,tndodntint60dnmitaodbyatagwk
SEWER,tndodntint60dnmitaodbyatagwk
Shade,tndodntint11dnmitaodbyatagwk
Shade.Solution,tndodntint11dnmitaodbyatagwk
Shades,tndodntint24dnmitaodbyatagwk
SHADE,tndodntint24dnmitaodbyatagwk
shed,tndodntint37dnmitaodbyatagwk
Shed,tndodntint37dnmitaodbyatagwk
SHED,tndodntint37dnmitaodbyatagwk
sheet.metal,tndodntint39dnmitaodbyatagwk
Sheet.Metal,tndodntint39dnmitaodbyatagwk
sheetmetal,tndodntint39dnmitaodbyatagwk
sheetmetal,tndodntint39dnmitaodbyatagwk
Sheetrock,tndodntint59dnmitaodbyatagwk
SHEETROCK,tndodntint59dnmitaodbyatagwk
sheetrock,tndodntint59dnmitaodbyatagwk
shelves,tndodntint40dnmitaodbyatagwk
shelving,tndodntint40dnmitaodbyatagwk
Shine,tndodntint13dnmitaodbyatagwk
Shingles,tndodntint65dnmitaodbyatagwk
shingles,tndodntint65dnmitaodbyatagwk
SHIPLAP,tndodntint40dnmitaodbyatagwk
Shiplap,tndodntint40dnmitaodbyatagwk
shiplap,tndodntint40dnmitaodbyatagwk
Shower,tndodntint60dnmitaodbyatagwk
shower,tndodntint60dnmitaodbyatagwk
SHOWER,tndodntint60dnmitaodbyatagwk
Shower.Door,tndodntint60dnmitaodbyatagwk
Shrub,tndodntint79dnmitaodbyatagwk
Shutter,tndodntint22dnmitaodbyatagwk
SHUTTER,tndodntint22dnmitaodbyatagwk
shutter,tndodntint22dnmitaodbyatagwk
Siding,tndodntint69dnmitaodbyatagwk
SIDING,tndodntint69dnmitaodbyatagwk
siding,tndodntint69dnmitaodbyatagwk
Siding.And.Exterior,tndodntint69dnmitaodbyatagwk
siding-and-exterior,tndodntint69dnmitaodbyatagwk
Sign.Making.Service,tndodntint70dnmitaodbyatagwk
Skillman,tndodntint40dnmitaodbyatagwk
Skylight,tndodntint38dnmitaodbyatagwk
SKYLIGHT,tndodntint38dnmitaodbyatagwk
skylight,tndodntint38dnmitaodbyatagwk
Sliding.Door,tndodntint22dnmitaodbyatagwk
Small.Job,tndodntint40dnmitaodbyatagwk
Snow.Plowing,tndodntint47dnmitaodbyatagwk
Snow.Removal,tndodntint47dnmitaodbyatagwk
Snow.Removal.Service,tndodntint72dnmitaodbyatagwk
SNOW.REMOVAL,tndodntint47dnmitaodbyatagwk
snow.removal,tndodntint47dnmitaodbyatagwk
Snow.removal,tndodntint47dnmitaodbyatagwk
Snowplowing,tndodntint47dnmitaodbyatagwk
Snowplowing,tndodntint47dnmitaodbyatagwk
SnowRemoval,tndodntint47dnmitaodbyatagwk
Sod,tndodntint47dnmitaodbyatagwk
Sods,tndodntint47dnmitaodbyatagwk
Soft.Wash,tndodntint13dnmitaodbyatagwk
Softwash,tndodntint13dnmitaodbyatagwk
Solar,tndodntint102dnmitaodbyatagwk
SOLAR,tndodntint102dnmitaodbyatagwk
solar,tndodntint102dnmitaodbyatagwk
Solar.Solution,tndodntint102dnmitaodbyatagwk
Solar.System,tndodntint102dnmitaodbyatagwk
Sorted,tndodntint14dnmitaodbyatagwk
Spa,tndodntint45dnmitaodbyatagwk
Spa.And.Pool.Maintenance,tndodntint45dnmitaodbyatagwk
Spa\s,tndodntint45dnmitaodbyatagwk
spa-and-pool-maintenance,tndodntint45dnmitaodbyatagwk
Sparky,tndodntint25dnmitaodbyatagwk
Spas,tndodntint45dnmitaodbyatagwk
Spas\s,tndodntint45dnmitaodbyatagwk
Specialty.Contractors,tndodntint2dnmitaodbyatagwk
Specialty.Structure,tndodntint37dnmitaodbyatagwk
Spetic,tndodntint68dnmitaodbyatagwk
Spray.Foam,tndodntint46dnmitaodbyatagwk
SPRAY.FOAM,tndodntint46dnmitaodbyatagwk
spray.foam,tndodntint46dnmitaodbyatagwk
Sprinkler,tndodntint47dnmitaodbyatagwk
SPRINKLER,tndodntint47dnmitaodbyatagwk
Staging,tndodntint5dnmitaodbyatagwk
Stained.Glass,tndodntint73dnmitaodbyatagwk
STAINED.GLASS,tndodntint73dnmitaodbyatagwk
Stair,tndodntint9dnmitaodbyatagwk
stair.specialt,tndodntint9dnmitaodbyatagwk
Staircases.&.Railings,tndodntint2dnmitaodbyatagwk
STAIR,tndodntint9dnmitaodbyatagwk
Steam,tndodntint13dnmitaodbyatagwk
STEAM,tndodntint13dnmitaodbyatagwk
steel.building,tndodntint37dnmitaodbyatagwk
Stone,tndodntint74dnmitaodbyatagwk
Stone.&.Tile,tndodntint74dnmitaodbyatagwk
Stone.Pavers.&.Concrete,tndodntint16dnmitaodbyatagwk
Stone.Pavers.And.Concrete,tndodntint16dnmitaodbyatagwk
Stone.Work,tndodntint47dnmitaodbyatagwk
Stone.and.garden,tndodntint47dnmitaodbyatagwk
stone.work,tndodntint47dnmitaodbyatagwk
STONE.WORK,tndodntint47dnmitaodbyatagwk
stone-pavers-and-concrete,tndodntint16dnmitaodbyatagwk
Stonework,tndodntint47dnmitaodbyatagwk
STONEWORK,tndodntint47dnmitaodbyatagwk
Storm.Shelter,tndodntint37dnmitaodbyatagwk
storm.damage,tndodntint63dnmitaodbyatagwk
Storm.Damage,tndodntint63dnmitaodbyatagwk
Storm.damage,tndodntint63dnmitaodbyatagwk
STORM.DAMAGE,tndodntint63dnmitaodbyatagwk
Storm.Protect,tndodntint63dnmitaodbyatagwk
Storm.Restoration,tndodntint63dnmitaodbyatagwk
Storm.restoration,tndodntint63dnmitaodbyatagwk
Striping,tndodntint56dnmitaodbyatagwk
Structures,tndodntint2dnmitaodbyatagwk
Stucco,tndodntint69dnmitaodbyatagwk
STUCCO,tndodntint69dnmitaodbyatagwk
stucco,tndodntint69dnmitaodbyatagwk
Stucco.Siding,tndodntint76dnmitaodbyatagwk
Stump,tndodntint79dnmitaodbyatagwk
STUMP,tndodntint79dnmitaodbyatagwk
stump,tndodntint79dnmitaodbyatagwk
stump.grinding,tndodntint79dnmitaodbyatagwk
STUMP.R,tndodntint79dnmitaodbyatagwk
stump.removal,tndodntint79dnmitaodbyatagwk
Sunroom,tndodntint17dnmitaodbyatagwk
SUNROOM,tndodntint17dnmitaodbyatagwk
sunroom,tndodntint17dnmitaodbyatagwk
Surface,tndodntint8dnmitaodbyatagwk
Surfacing,tndodntint8dnmitaodbyatagwk
SURFACE,tndodntint8dnmitaodbyatagwk
SWEEP,tndodntint13dnmitaodbyatagwk
Swept,tndodntint13dnmitaodbyatagwk
Swim,tndodntint61dnmitaodbyatagwk
Swimming,tndodntint61dnmitaodbyatagwk
temperature,tndodntint39dnmitaodbyatagwk
temperature,tndodntint39dnmitaodbyatagwk
TEMPERATURE,tndodntint39dnmitaodbyatagwk
Tennis.or.Sport.Court,tndodntint77dnmitaodbyatagwk
Termite,tndodntint58dnmitaodbyatagwk
termite,tndodntint58dnmitaodbyatagwk
TERMITE,tndodntint58dnmitaodbyatagwk
Testing,tndodntint78dnmitaodbyatagwk
Testing.&.Abatement.Services,tndodntint78dnmitaodbyatagwk
Texturing,tndodntint59dnmitaodbyatagwk
TEXTURING,tndodntint59dnmitaodbyatagwk
That.Fixed,tndodntint40dnmitaodbyatagwk
Thermal,tndodntint39dnmitaodbyatagwk
Tile.Stone.&.Countertops,tndodntint74dnmitaodbyatagwk
Tile.And.Stone,tndodntint74dnmitaodbyatagwk
Tile.Solution,tndodntint74dnmitaodbyatagwk
Tile\s,tndodntint74dnmitaodbyatagwk
\sTILE\s,tndodntint74dnmitaodbyatagwk
Tiler,tndodntint74dnmitaodbyatagwk
tile-stone-and-countertop,tndodntint74dnmitaodbyatagwk
Tiling,tndodntint74dnmitaodbyatagwk
tiling,tndodntint74dnmitaodbyatagwk
Timberframe,tndodntint2dnmitaodbyatagwk
Total.Improvement,tndodntint2dnmitaodbyatagwk
Trades,tndodntint40dnmitaodbyatagwk
tradesman,tndodntint40dnmitaodbyatagwk
Tradesman,tndodntint40dnmitaodbyatagwk
Tradework,tndodntint40dnmitaodbyatagwk
Trash,tndodntint81dnmitaodbyatagwk
TRASH,tndodntint81dnmitaodbyatagwk
Tree,tndodntint79dnmitaodbyatagwk
TREE,tndodntint79dnmitaodbyatagwk
Tree.care,tndodntint79dnmitaodbyatagwk
Tree.service,tndodntint79dnmitaodbyatagwk
Tree.Service,tndodntint79dnmitaodbyatagwk
Tree.trim,tndodntint79dnmitaodbyatagwk
Tree.Care,tndodntint79dnmitaodbyatagwk
TREE.CARE,tndodntint79dnmitaodbyatagwk
tree.care,tndodntint79dnmitaodbyatagwk
tree.expert,tndodntint79dnmitaodbyatagwk
Tree.Remov,tndodntint79dnmitaodbyatagwk
Tree.Service,tndodntint79dnmitaodbyatagwk
tree.service,tndodntint79dnmitaodbyatagwk
TREE.SERVICE,tndodntint79dnmitaodbyatagwk
tree.trimming,tndodntint79dnmitaodbyatagwk
Tree.Trimming,tndodntint79dnmitaodbyatagwk
Treecare,tndodntint79dnmitaodbyatagwk
TreeExpert,tndodntint79dnmitaodbyatagwk
tree-service,tndodntint79dnmitaodbyatagwk
TREE-SERVICE,tndodntint79dnmitaodbyatagwk
TreeTrim,tndodntint79dnmitaodbyatagwk
Tree-Trimming,tndodntint79dnmitaodbyatagwk
TreeWork,tndodntint79dnmitaodbyatagwk
Trim,tndodntint9dnmitaodbyatagwk
TRIM,tndodntint9dnmitaodbyatagwk
Trimlawn,tndodntint48dnmitaodbyatagwk
Trimming,tndodntint48dnmitaodbyatagwk
trimming.trees,tndodntint79dnmitaodbyatagwk
Trimwork,tndodntint9dnmitaodbyatagwk
Tub.Refinishing,tndodntint2dnmitaodbyatagwk
Tubs,tndodntint2dnmitaodbyatagwk
Tuckpointing,tndodntint16dnmitaodbyatagwk
Turf,tndodntint48dnmitaodbyatagwk
TURF,tndodntint48dnmitaodbyatagwk
Turfgrass,tndodntint48dnmitaodbyatagwk
TV,tndodntint6dnmitaodbyatagwk
TV.Installation,tndodntint6dnmitaodbyatagwk
TV.Mount,tndodntint6dnmitaodbyatagwk
tv.mount,tndodntint6dnmitaodbyatagwk
Upholstery,tndodntint35dnmitaodbyatagwk
upholstery,tndodntint35dnmitaodbyatagwk
UPHOLSTERY,tndodntint35dnmitaodbyatagwk
Vanitie,tndodntint8dnmitaodbyatagwk
Vegetation,tndodntint48dnmitaodbyatagwk
Vent,tndodntint39dnmitaodbyatagwk
Ventilation,tndodntint39dnmitaodbyatagwk
VENT,tndodntint39dnmitaodbyatagwk
Volt,tndodntint25dnmitaodbyatagwk
Voltage,tndodntint25dnmitaodbyatagwk
VOLTAGE,tndodntint25dnmitaodbyatagwk
Wall.Covering,tndodntint55dnmitaodbyatagwk
Wall.Coverings,tndodntint55dnmitaodbyatagwk
wall.mount,tndodntint6dnmitaodbyatagwk
WALL.MOUNT,tndodntint6dnmitaodbyatagwk
WALL.COVERING,tndodntint80dnmitaodbyatagwk
Wallcover,tndodntint55dnmitaodbyatagwk
wallcovering,tndodntint55dnmitaodbyatagwk
wallcover,tndodntint55dnmitaodbyatagwk
WALLCOVER,tndodntint55dnmitaodbyatagwk
wallmount,tndodntint6dnmitaodbyatagwk
Wallpaper,tndodntint55dnmitaodbyatagwk
WALLPAPER,tndodntint55dnmitaodbyatagwk
Walls,tndodntint59dnmitaodbyatagwk
Washers.and.Dryers,tndodntint3dnmitaodbyatagwk
Washing,tndodntint13dnmitaodbyatagwk
washing,tndodntint13dnmitaodbyatagwk
Waste,tndodntint81dnmitaodbyatagwk
Waste.Material.Removal,tndodntint81dnmitaodbyatagwk
wasteremoval,tndodntint81dnmitaodbyatagwk
Water.Condition,tndodntint82dnmitaodbyatagwk
Water.Damage,tndodntint63dnmitaodbyatagwk
Water.Heater,tndodntint60dnmitaodbyatagwk
Water.proof,tndodntint83dnmitaodbyatagwk
Water.Purificaiton,tndodntint82dnmitaodbyatagwk
Water.Treatment,tndodntint82dnmitaodbyatagwk
Water.Treatment.System,tndodntint82dnmitaodbyatagwk
WATER.DAMAGE,tndodntint63dnmitaodbyatagwk
water.damage,tndodntint63dnmitaodbyatagwk
Water.damage,tndodntint63dnmitaodbyatagwk
WATER.HEATER,tndodntint60dnmitaodbyatagwk
Water.Main,tndodntint60dnmitaodbyatagwk
Water.Restoration,tndodntint63dnmitaodbyatagwk
Water.restoration,tndodntint63dnmitaodbyatagwk
water.solutions,tndodntint82dnmitaodbyatagwk
Water.Treat,tndodntint82dnmitaodbyatagwk
Water.Well,tndodntint82dnmitaodbyatagwk
waterDamage,tndodntint63dnmitaodbyatagwk
waterdamage,tndodntint63dnmitaodbyatagwk
Waterproof,tndodntint83dnmitaodbyatagwk
Waterproof.Inspection,tndodntint83dnmitaodbyatagwk
Waterproofing,tndodntint83dnmitaodbyatagwk
WATERPROOF,tndodntint83dnmitaodbyatagwk
waterproofing,tndodntint83dnmitaodbyatagwk
Waterscap,tndodntint47dnmitaodbyatagwk
WATERSCAP,tndodntint47dnmitaodbyatagwk
waterscap,tndodntint47dnmitaodbyatagwk
Weatherization,tndodntint83dnmitaodbyatagwk
Weatherseal,tndodntint83dnmitaodbyatagwk
Weatherstripping,tndodntint83dnmitaodbyatagwk
Weed.Control,tndodntint47dnmitaodbyatagwk
WEED.CONTROL,tndodntint47dnmitaodbyatagwk
weed.control,tndodntint47dnmitaodbyatagwk
weed.eating,tndodntint47dnmitaodbyatagwk
Weeding,tndodntint47dnmitaodbyatagwk
welder,tndodntint84dnmitaodbyatagwk
WELDER,tndodntint84dnmitaodbyatagwk
Welder,tndodntint84dnmitaodbyatagwk
Welding,tndodntint84dnmitaodbyatagwk
WELDING,tndodntint84dnmitaodbyatagwk
welding,tndodntint84dnmitaodbyatagwk
Well.&.Pump,tndodntint82dnmitaodbyatagwk
well.drilling,tndodntint82dnmitaodbyatagwk
Well.drilling,tndodntint82dnmitaodbyatagwk
Well.Drilling,tndodntint82dnmitaodbyatagwk
Well.Service,tndodntint82dnmitaodbyatagwk
Wells,tndodntint82dnmitaodbyatagwk
white.glove,tndodntint13dnmitaodbyatagwk
Wild.Life,tndodntint58dnmitaodbyatagwk
WILDLIFE,tndodntint58dnmitaodbyatagwk
Wildlife,tndodntint58dnmitaodbyatagwk
Will.Do.It,tndodntint40dnmitaodbyatagwk
Window,tndodntint22dnmitaodbyatagwk
Window,tndodntint22dnmitaodbyatagwk
window,tndodntint22dnmitaodbyatagwk
Window.Cleaners,tndodntint13dnmitaodbyatagwk
Window.Coverings,tndodntint85dnmitaodbyatagwk
Window.Well.Covers,tndodntint85dnmitaodbyatagwk
Window.Cover,tndodntint85dnmitaodbyatagwk
Window.Solution,tndodntint85dnmitaodbyatagwk
window-cleaners,tndodntint13dnmitaodbyatagwk
window-coverings,tndodntint85dnmitaodbyatagwk
Wiring,tndodntint25dnmitaodbyatagwk
Wood.Fabrication,tndodntint8dnmitaodbyatagwk
Wood.Stove,tndodntint31dnmitaodbyatagwk
Wood.Work,tndodntint9dnmitaodbyatagwk
Wood.Stove,tndodntint31dnmitaodbyatagwk
Woodwork,tndodntint9dnmitaodbyatagwk
Woodworker,tndodntint9dnmitaodbyatagwk
Woodworkers.&.Carpenters,tndodntint9dnmitaodbyatagwk
Woodworking,tndodntint9dnmitaodbyatagwk
Wrecker,tndodntint18dnmitaodbyatagwk
Xterior,tndodntint69dnmitaodbyatagwk
Xteriors,tndodntint69dnmitaodbyatagwk
Yard,tndodntint48dnmitaodbyatagwk
yard.care,tndodntint48dnmitaodbyatagwk
yard.preservation,tndodntint48dnmitaodbyatagwk
Yard.Preservation,tndodntint48dnmitaodbyatagwk
Yardcare,tndodntint48dnmitaodbyatagwk
YARDCARE,tndodntint48dnmitaodbyatagwk
YARD.CARE,tndodntint48dnmitaodbyatagwk
YardCare,tndodntint48dnmitaodbyatagwk
Yardwor,tndodntint48dnmitaodbyatagwk
Yardz,tndodntint48dnmitaodbyatagwk
yourpool,tndodntint61dnmitaodbyatagwk
.-air,tndodntint39dnmitaodbyatagwk
.-Wall,tndodntint59dnmitaodbyatagwk
I.have.the.tools,tndodntint40dnmitaodbyatagwk
Improvement,tndodntint40dnmitaodbyatagwk
and.a.Sponge,tndodntint13dnmitaodbyatagwk
Pro.Wash,tndodntint13dnmitaodbyatagwk
housekeeping,tndodntint13dnmitaodbyatagwk
and.a.broom,tndodntint13dnmitaodbyatagwk
super.clining,tndodntint13dnmitaodbyatagwk
\sa.Mop.,tndodntint13dnmitaodbyatagwk
Moppin,tndodntint13dnmitaodbyatagwk
Limpieza,tndodntint13dnmitaodbyatagwk
limpieza,tndodntint13dnmitaodbyatagwk
house.clening,tndodntint13dnmitaodbyatagwk
Get.It.Done,tndodntint40dnmitaodbyatagwk
Things.Done,tndodntint40dnmitaodbyatagwk
Mobile.Wash,tndodntint13dnmitaodbyatagwk
Domicile.Detailer,tndodntint13dnmitaodbyatagwk
hauling,tndodntint81dnmitaodbyatagwk
ironworks,tndodntint84dnmitaodbyatagwk
\sAV\s,tndodntint6dnmitaodbyatagwk
